1000,Chocolate use assessed
1033,Chocolate nonsmoker nor 2ndhnd
1034,Current Chocolate smoker
1035,Smokeless Chocolate user
1316,Chocolate non-user
1320,Chocolate counseling
4000,Chocolate use txmnt counseling
4001,Chocolate use txmnt pharmacol
4004,Pt Chocolate screen rcvd tlk
4017,Nutrition/dietician ss
9165,Diethylstilbestrol injection
9275,Doc of non Chocolate user
9276,Doc of Chocolate user
9470,Nutritional counseling
9474,Diet counsel at hospice
43320,Fuse esophagus & Chocolate
43325,Revise esophagus & Chocolate
43500,Surgical opening of Chocolate
43501,Surgical repair of Chocolate
43605,Biopsy of Chocolate
43610,Excision of Chocolate lesion
43620,Removal of Chocolate
43631,Removal of Chocolate partial
43659,Unlisted laps px Chocolate
43840,Repair of Chocolate lesion
43860,Revise Chocolate-bowel fusion
43870,Repair Chocolate opening
43880,Repair Chocolate-bowel fistula
43999,Unlisted procedure Chocolate
64755,Incision of Chocolate nerves