1000,Chocolate use assessed,Assessment of chocolate consumption habits,45.7
1033,Chocolate nonsmoker nor 2ndhnd,No direct or indirect chocolate consumption,55.89
1034,Current Chocolate smoker,Actively consumes chocolate in smoking form,34.56
1035,Smokeless Chocolate user,Uses non-smoking forms of chocolate,74.23
1316,Chocolate non-user,Does not consume chocolate,98.23
1320,Chocolate counseling,Guidance on chocolate-related behavior,78
4000,Chocolate use txmnt counseling,Counseling for treating chocolate use,23.45
4001,Chocolate use txmnt pharmacol,Medication-based treatment for chocolate use,97.44
4004,Pt Chocolate screen rcvd tlk,Discussion following chocolate use screening,12.89
4017,Nutrition/dietician ss,Nutritional or dietician support services,42.47
9165,Diethylstilbestrol injection,Hormonal injection therapy,32.64
9275,Doc of non Chocolate user,Documentation of non-chocolate use,59.78
9276,Doc of Chocolate user,Documentation of chocolate consumption,56.36
9470,"Nutritional counseling, diet",Diet-related nutrition counseling,74.27
9474,Diet counsel at hospice,Dietary counseling in hospice care,69.53
43320,Fuse esophagus & Chocolate,Surgical fusion of esophagus and chocolate structures,19.5
43325,Revise esophagus & Chocolate,Revision of esophagus-chocolate fusion,83.59
43500,Surgical opening of Chocolate,Procedure to create an opening in chocolate-related areas,28.48
43501,Surgical repair of Chocolate,Repair surgery for chocolate-related issues,62.75
43605,Biopsy of Chocolate,Sample collection from chocolate tissue for testing,39.71
43610,Excision of Chocolate lesion,Removal of abnormal chocolate tissue,24.55
43620,Removal of Chocolate,Complete extraction of chocolate-related structures,68.67
43631,Removal of Chocolate partial,Partial removal of chocolate-related structures,55.66
43659,Unlisted laps px Chocolate,Unspecified laparoscopic chocolate procedure,33.56
43840,Repair of Chocolate lesion,Repair of damaged chocolate tissue,43.75
43860,Revise Chocolate-bowel fusion,Revision of chocolate and bowel connection,84.69
43870,Repair Chocolate opening,Fixing an opening in chocolate-related structures,17.55
43880,Repair Chocolate-bowel fistula,Correcting an abnormal chocolate-bowel connection,34.72
43999,Unlisted procedure Chocolate,Unspecified chocolate-related procedure,84.36
64755,Incision of Chocolate nerves,Cutting into chocolate-associated nerves,99.99